document_id,collateral_id,document_link
10001,10001,https:\\drive.google.com\SWAACZQEWVOXLKIT
10002,10002,https:\\drive.google.com\TEJMOCPPBXXZCHZJ
10003,10003,https:\\drive.google.com\TYZCSUVOUKBLCPOZ
10004,10004,https:\\drive.google.com\SCJOLWDRINCJNFRX
10005,10005,https:\\drive.google.com\BKHUVFZNUWMKTYKM
10006,10006,https:\\drive.google.com\PBDUSRTQEGDXIKPW
10007,10007,https:\\drive.google.com\ALIYFWJGCWSYLKFA
10008,10008,https:\\drive.google.com\CQTLOBYTIOUXTHKE
10009,10009,https:\\drive.google.com\VZDUHXQLWOWWBPTI
10010,10010,https:\\drive.google.com\XMKLXJAPCCZWYAZS
10011,10011,https:\\drive.google.com\QONNEBKKIAYBVNJZ
10012,10012,https:\\drive.google.com\WXDILSRSBGSRHKEX
10013,10013,https:\\drive.google.com\FTUXFPVNBWOLRBDQ
10014,10014,https:\\drive.google.com\BCFTAZIEDROSYLNO
10015,10015,https:\\drive.google.com\OOHYUPYUHRAKTRGP
10016,10016,https:\\drive.google.com\EMTRFSNPULCVWNTP
10017,10017,https:\\drive.google.com\HNYGRRPUMHWDEYAE
10018,10018,https:\\drive.google.com\PIOQZBKGFZTTZNDO
10019,10019,https:\\drive.google.com\QVEQRAFISEECPSNA
10020,10020,https:\\drive.google.com\TVDNPQNEFLTGQFMV
10021,10021,https:\\drive.google.com\ARCWAFKOMZOFINFF
10022,10022,https:\\drive.google.com\ZSKJTSISWOSOEUHH
10023,10023,https:\\drive.google.com\ZMURTPAXSTWGLBNZ
10024,10024,https:\\drive.google.com\YHNGZPDCEZZXKGZH
10025,10025,https:\\drive.google.com\JTUFVUPMDFSLTKXQ
10026,10026,https:\\drive.google.com\EMYILBWIUDNBTNVZ
10027,10027,https:\\drive.google.com\YRFMUQRGZDBMCJVH
10028,10028,https:\\drive.google.com\VKCDUAKWQWTSUGEY
10029,10029,https:\\drive.google.com\SINLPKSLPOYFGQOO
10030,10030,https:\\drive.google.com\WHTYUVDHLFYSGYPT
10031,10031,https:\\drive.google.com\JKMIHOFLSYYNKNZO
10032,10032,https:\\drive.google.com\ZGXFKLLVUSAKDEVI
10033,10033,https:\\drive.google.com\GGTFKLVWKETIRJDW
10034,10034,https:\\drive.google.com\JKMWDGAZJWIMGGPG
10035,10035,https:\\drive.google.com\NIHDKOIBGKXBLNLH
10036,10036,https:\\drive.google.com\CWWRLURHQZGLFCKP
10037,10037,https:\\drive.google.com\MYRCKZJKXTTTCYHE
10038,10038,https:\\drive.google.com\MXRRSUEITVUBWGKH
10039,10039,https:\\drive.google.com\ENWHGSLTYLJOLELR
10040,10040,https:\\drive.google.com\PZOOSVCESUQXWVOX
10041,10041,https:\\drive.google.com\KMDWTSRMBSPDMKMZ
10042,10042,https:\\drive.google.com\DIFJYBSXFEPHAGHJ
10043,10043,https:\\drive.google.com\QWYTDTJLYJRDFDMM
10044,10044,https:\\drive.google.com\IOCCTGJIPYVHASWZ
10045,10045,https:\\drive.google.com\CTYQPYMKSYTIJESH
10046,10046,https:\\drive.google.com\IPHWAKQKQDFMGGZL
10047,10047,https:\\drive.google.com\AGBVMYEUIHASPHGC
10048,10048,https:\\drive.google.com\KSFFHJDRUYDKIIFA
10049,10049,https:\\drive.google.com\EKPXMWFTDWMHCQXV
10050,10050,https:\\drive.google.com\RXRWEITPMZEINHBO
,,
