CIN,GST,B.Name,B.logo,,
100000401,YZOFU7352298069,CAMERON FIRM,efcnlkj45r,,
100000402,XCSRD5495365276,PAYNE FIRM,f96riehipm,,
100000403,ZWYYT9967449577,CAMPBELL FIRM,q66jecnrt2,,
100000404,AYNYO4894988460,CARROLL FIRM,lhsfezmfme,,
100000405,MWWPJ3200610468,PAYNE FIRM,zqth9r0axd,,
100000406,IWMJF4659055726,RILEY FIRM,2juh07hcvz,,
100000407,NDCTN1068414262,CARTER FIRM,1ie4jvysum,,
100000408,ZYHGD4260576999,ELLIOTT FIRM,lphv32itvg,,
100000409,BJIXN6907786030,WILSON FIRM,jljujt02yo,,
100000410,WBPJL5157233721,TUCKER FIRM,t7mh9heq0k,,
100000411,KUKIM5880975526,RILEY FIRM,1q0p88byei,,
100000412,ZRIJO8654714047,WELLS FIRM,mbe4dew7d1,,
100000413,BCHUB8076688061,BAKER FIRM,0pqhl22tbd,,
100000414,LBZPT2724845297,COLE FIRM,7yekaf6wu8,,
100000415,NLJTO4503541789,WELLS FIRM,fp23z1ka2a,,
100000416,OWTFN7260862278,SCOTT FIRM,r8tyk8tm4v,,
100000417,BWXNI6228749023,PERRY FIRM,1fwptkrtns,,
100000418,MIVRA5546974112,EDWARDS FIRM,pdf5hoot4t,,
100000419,PHGTB1663974072,MORGAN FIRM,xo88d017l2,,
100000420,FCBBH3207011683,RICHARDS FIRM,57248bzt26,,
100000421,DIWIZ3933333296,DAVIS FIRM,pdx5nd3w1w,,
100000422,QPQGB9219213615,GRANT FIRM,58xhcgyou7,,
100000423,KHWMT5604444140,KELLEY FIRM,mqecrjuazp,,
100000424,FPWRX8557072589,ROGERS FIRM,j0zph8fdkl,,
100000425,UJTXJ2209135812,CHAPMAN FIRM,ne2ar9u3q6,,
100000426,LKODR4268049505,ALEXANDER FIRM,upouya4wu0,,
100000427,LKTXM5677115731,WALKER FIRM,169mmg6ewq,,
100000428,VMUWK3765729228,BAKER FIRM,6dog360cpt,,
100000429,OCYCH2016367343,CAMPBELL FIRM,0zo328ljet,,
100000430,EHWAA8667810474,MORGAN FIRM,383475mn0y,,
100000431,UIIZZ4637665461,BROWN FIRM,f9d3tmg6ae,,
100000432,TUYFW5748691539,HOWARD FIRM,34woeevxs4,,
100000433,NAUNJ2132284632,EDWARDS FIRM,pivmldhbmo,,
100000434,QKFSL7417661441,ROBERTS FIRM,ng4p0vr5pw,,
100000435,FJZUB9038483864,ROBERTS FIRM,ubnf6czh7n,,
100000436,YWYSJ8280975880,COLE FIRM,e8cct3zfba,,
100000437,WAQMK2200896998,OWENS FIRM,xobdn8ekae,,
100000438,CTMQW6305457479,SPENCER FIRM,efcnlkj45r,,
100000439,JLQON1259565723,BROOKS FIRM,f96riehipm,,
100000440,CGKHD9903520403,HILL FIRM,q66jecnrt2,,
100000441,YOLXJ4304847312,ROBINSON FIRM,lhsfezmfme,,
100000442,YNJZV6890332241,ROGERS FIRM,zqth9r0axd,,
100000443,MWILT6392767297,CRAIG FIRM,2juh07hcvz,,
100000444,AVAED2724146036,FARRELL FIRM,1ie4jvysum,,
100000445,KWWUL4100653041,CHAPMAN FIRM,lphv32itvg,,
100000446,XANHA6399975598,GIBSON FIRM,jljujt02yo,,
100000447,LEAAO6874156164,RILEY FIRM,t7mh9heq0k,,
100000448,AATJB1384927669,HOLMES FIRM,1q0p88byei,,
100000449,KXBRH1635583642,STEVENS FIRM,mbe4dew7d1,,
100000450,MWIPR2035873421,BROOKS FIRM,0pqhl22tbd,,
100000451,SLMCE1957879258,HILL FIRM,7yekaf6wu8,,
100000452,KPEZE6146184497,MOORE FIRM,fp23z1ka2a,,
100000453,HCFVA9983016363,COOPER FIRM,r8tyk8tm4v,,
100000454,GKKLQ8796870764,PERKINS FIRM,1fwptkrtns,,
100000455,SBAPH6297128990,PARKER FIRM,pdf5hoot4t,,
100000456,XQIES3365939890,KELLY FIRM,xo88d017l2,,
100000457,SUVEA5401464205,CRAWFORD FIRM,57248bzt26,,
100000458,XHVMI1113363538,ROGERS FIRM,pdx5nd3w1w,,
100000459,GDXPI6940969646,REED FIRM,58xhcgyou7,,
100000460,WHYFM5438037426,RILEY FIRM,mqecrjuazp,,
100000461,SGLVH1543224748,WEST FIRM,j0zph8fdkl,,
100000462,XBPLQ7338019938,HIGGINS FIRM,ne2ar9u3q6,,
100000463,XQIDN6896127128,SULLIVAN FIRM,upouya4wu0,,
100000464,KAJJN2296519164,MARTIN FIRM,169mmg6ewq,,
100000465,GHMMR7218466731,WILLIAMS FIRM,6dog360cpt,,
100000466,XNCLN3513836396,WALKER FIRM,0zo328ljet,,
100000467,UYQJQ7314334560,PERRY FIRM,383475mn0y,,
100000468,DLVGP4729974547,HUNT FIRM,f9d3tmg6ae,,
100000469,ILBLX8634823039,ROGERS FIRM,34woeevxs4,,
100000470,AOSPN4729077990,COOPER ENTERPRISE,pivmldhbmo,,
100000471,ZODVQ4012445032,FOSTER ENTERPRISE,ng4p0vr5pw,,
100000472,FJOCC4663749191,PHILLIPS ENTERPRISE,ubnf6czh7n,,
100000473,WAPFE3508174643,ADAMS ENTERPRISE,e8cct3zfba,,
100000474,TKPQR3627416461,SMITH ENTERPRISE,xobdn8ekae,,
100000475,RQHTH7639929752,MILLER ENTERPRISE,efcnlkj45r,,
100000476,VOUJL7246429922,CRAWFORD ENTERPRISE,f96riehipm,,
100000477,XQLWT4367310111,FERGUSON ENTERPRISE,q66jecnrt2,,
100000478,CGNOY5056847465,WELLS ENTERPRISE,lhsfezmfme,,
100000479,KPNAW8660436481,HIGGINS ENTERPRISE,zqth9r0axd,,
100000480,ZFMST2739787836,STEWART ENTERPRISE,2juh07hcvz,,
100000481,UPWRU1547724870,BARRETT ENTERPRISE,1ie4jvysum,,
100000482,MVRNI8658475743,PARKER ENTERPRISE,lphv32itvg,,
100000483,SCWUY4720327046,MORGAN ENTERPRISE,jljujt02yo,,
100000484,WHKRC1031967827,HILL ENTERPRISE,t7mh9heq0k,,
100000485,RORUZ8560992816,LLOYD ENTERPRISE,1q0p88byei,,
100000486,XCXCI5951332764,LLOYD ENTERPRISE,mbe4dew7d1,,
100000487,IJOPQ7399022133,ANDERSON ENTERPRISE,0pqhl22tbd,,
100000488,JOCJB9356676607,STEWART ENTERPRISE,7yekaf6wu8,,
100000489,HYWUK4254934433,PARKER ENTERPRISE,fp23z1ka2a,,
100000490,YHCEQ7328669734,TURNER ENTERPRISE,r8tyk8tm4v,,
100000491,XQLRQ4361893232,THOMPSON ENTERPRISE,1fwptkrtns,,
100000492,KGOIP2347922362,HOWARD ENTERPRISE,pdf5hoot4t,,
100000493,FPDEZ3720010874,TAYLOR ENTERPRISE,xo88d017l2,,
100000494,QWOAC5157389824,LLOYD ENTERPRISE,57248bzt26,,
100000495,RLUMZ8251154078,HIGGINS ENTERPRISE,pdx5nd3w1w,,
100000496,SYWYT4111333033,MURRAY ENTERPRISE,58xhcgyou7,,
100000497,YGYBU9724844973,BARNES ENTERPRISE,mqecrjuazp,,
100000498,WQXSU9228521976,TUCKER ENTERPRISE,j0zph8fdkl,,
100000499,BKMDL2885341248,WILLIAMS ENTERPRISE,ne2ar9u3q6,,
100000500,LJWQX6742176584,CASEY ENTERPRISE,upouya4wu0,,
100000501,VGGKC3195643330,ARMSTRONG ENTERPRISE,169mmg6ewq,,
100000502,HQVPB4941975373,SCOTT ENTERPRISE,6dog360cpt,,
100000503,FRHKR8746724743,MILLER ENTERPRISE,0zo328ljet,,
100000504,NFVYT9061878950,MORGAN ENTERPRISE,383475mn0y,,
100000505,USEXD4357996232,ANDERSON ENTERPRISE,f9d3tmg6ae,,
100000506,XOUAT1150196229,PHILLIPS ENTERPRISE,34woeevxs4,,
100000507,GKQPY9649432916,JOHNSTON ENTERPRISE,pivmldhbmo,,
100000508,NDCJR6771596383,RICHARDSON ENTERPRISE,ng4p0vr5pw,,
100000509,NHCKV2725276821,ROBERTS ENTERPRISE,ubnf6czh7n,,
100000510,DFBZU7052890895,REED ENTERPRISE,e8cct3zfba,,
100000511,RFWXC3159394610,REED ENTERPRISE,xobdn8ekae,,
100000512,LPWQG3255473299,HARRISON ENTERPRISE,efcnlkj45r,,
100000513,OQCLP2385476007,BROWN ENTERPRISE,f96riehipm,,
100000514,IOXCA6591098740,ADAMS ENTERPRISE,q66jecnrt3,,
100000515,VKBXE9507295364,ARMSTRONG ENTERPRISE,lhsfezmfme,,
100000516,DVOOH8143929329,BARNES ENTERPRISE,zqth9r0axd,,
100000517,QHCUJ8583778524,ROGERS ENTERPRISE,2juh07hcvz,,
100000518,JOHOD9432124187,DOUGLAS ENTERPRISE,1ie4jvysum,,
100000519,QBQER8782516251,OWENS ENTERPRISE,lphv32itvg,,
100000520,LTHUJ1894717051,HALL ENTERPRISE,jljujt02yo,,
100000521,JHJLD8051199312,HAWKINS ENTERPRISE,t7mh9heq0k,,
100000522,FVHXM9430717285,HARPER ENTERPRISE,1q0p88byei,,
100000523,JNNXQ8011433284,WELLS ENTERPRISE,mbe4dew7d2,,
100000524,KUKFB2735529787,WRIGHT ENTERPRISE,0pqhl22tbd,,
100000525,FELDQ2511731414,BARRETT ENTERPRISE,7yekaf6wu9,,
100000526,WWNLU8916190562,ARMSTRONG ENTERPRISE,fp23z1ka2a,,
100000527,UOUAK6029569492,ADAMS ENTERPRISE,r8tyk8tm4v,,
100000528,SHCMI7695068659,WARREN ENTERPRISE,1fwptkrtns,,
100000529,QQCIZ5240556710,JOHNSTON ENTERPRISE,pdf5hoot4t,,
100000530,OPRGB7962191456,MORRIS ENTERPRISE,xo88d017l3,,
100000531,DNZYP9955848203,CUNNINGHAM ENTERPRISE,57248bzt27,,
100000532,OODJS5733478871,THOMPSON ENTERPRISE,pdx5nd3w1w,,
100000533,PSACZ3433749320,COOPER ENTERPRISE,58xhcgyou8,,
100000534,RFCSJ4116658081,COOPER ENTERPRISE,mqecrjuazp,,
100000535,KLGMP5372835365,BENNETT ENTERPRISE,j0zph8fdkl,,
100000536,HSAUL1890073473,HOWARD ENTERPRISE,ne2ar9u3q7,,
100000537,AMUZA4276210960,ROSS ENTERPRISE,upouya4wu1,,
100000538,AFLZZ2790975897,JOHNSON ENTERPRISE,169mmg6ewq,,
100000539,GPMJG9022367917,BAKER ENTERPRISE,6dog360cpt,,
100000540,QGUKX3676862812,ELLIS ENTERPRISE,0zo328ljet,,
100000541,ZSCWF5954722437,BROOKS ENTERPRISE,383475mn0y,,
100000542,UFXEG9289189163,WARREN ENTERPRISE,f9d3tmg6ae,,
100000543,XJSKY8724351742,THOMAS ENTERPRISE,34woeevxs5,,
100000544,HTLOS2075266239,HIGGINS ENTERPRISE,pivmldhbmo,,
100000545,VQPIY5241334656,GRAY ENTERPRISE,ng4p0vr5pw,,
100000546,KVMRA2490763103,MASON ENTERPRISE,ubnf6czh7n,,
100000547,GQPHT8561729288,PERKINS ENTERPRISE,e8cct3zfba,,
100000548,BXNRL4432665598,PERKINS ENTERPRISE,xobdn8ekae,,
100000549,BFLHG6010797515,WILLIAMS ENTERPRISE,efcnlkj45r,,
100000550,LRUPR1582971704,BAKER ENTERPRISE,f96riehipm,,
100000551,EWBNZ1374112681,SMITH ENTERPRISE,q66jecnrt4,,
100000552,XBAPE4857647405,ELLIOTT ENTERPRISE,lhsfezmfme,,
100000553,YPDNM4028532017,WELLS ENTERPRISE,zqth9r0axd,,
100000554,MXWKM7043966347,WARREN ENTERPRISE,2juh07hcvz,,
100000555,JMFYD5631578259,RILEY ENTERPRISE,1ie4jvysum,,
100000556,CFGDX8702078766,TAYLOR ENTERPRISE,lphv32itvg,,
100000557,FZHKG6072331172,ELLIOTT ENTERPRISE,jljujt02yo,,
100000558,EJKGG2301250583,STEVENS ENTERPRISE,t7mh9heq0k,,
100000559,YDCVU7914930823,MORGAN ENTERPRISE,1q0p88byei,,
100000560,BLKFM5328950081,DOUGLAS ENTERPRISE,mbe4dew7d3,,
100000561,FPHIH5276385599,MORRIS ENTERPRISE,0pqhl22tbd,,
100000562,QJKUW9357785618,TUCKER ENTERPRISE,7yekaf6wu10,,
100000563,PNVMP6936057180,BARNES ENTERPRISE,fp23z1ka2a,,
100000564,VSJTC4745641179,GRAY ENTERPRISE,r8tyk8tm4v,,
100000565,HSBZF7636165654,BAKER ENTERPRISE,1fwptkrtns,,
100000566,IDMNZ2997124857,FARRELL ENTERPRISE,pdf5hoot4t,,
100000567,MLJYR3015159384,FARRELL ENTERPRISE,xo88d017l4,,
100000568,TGNOX1445338606,ALLEN ENTERPRISE,57248bzt28,,
100000569,ESNKW8752698339,ANDREWS ENTERPRISE,pdx5nd3w1w,,
100000570,AYCFB9321641751,WILSON ENTERPRISE,58xhcgyou9,,
100000571,OZQQR1524513822,PAYNE ENTERPRISE,mqecrjuazp,,
100000572,ZYONI6557955366,NELSON ENTERPRISE,j0zph8fdkl,,
100000573,BBPCV7785912733,TUCKER ENTERPRISE,ne2ar9u3q8,,
100000574,PQQRB3847333447,GRAY ENTERPRISE,upouya4wu2,,
100000575,KCZSN7275437321,EVANS ENTERPRISE,169mmg6ewq,,
100000576,BBXJY7690795497,FOSTER ENTERPRISE,6dog360cpt,,
100000577,IDLWF9933110526,MONTGOMERY ENTERPRISE,0zo328ljet,,
100000578,IVLTY1328536524,WARREN ENTERPRISE,383475mn0y,,
100000579,QBYUR2733152692,OWENS ENTERPRISE,f9d3tmg6ae,,
100000580,WHLGZ6599670707,RYAN ENTERPRISE,34woeevxs6,,
100000581,BQSBJ6830794973,FOWLER ENTERPRISE,pivmldhbmo,,
100000582,SXWCX8370969302,MURRAY ENTERPRISE,ng4p0vr5pw,,
100000583,DFARC4737568354,EDWARDS ENTERPRISE,ubnf6czh7n,,
100000584,UEXSF1908581957,HALL ENTERPRISE,e8cct3zfba,,
100000585,BOFYT6705112346,HARPER ENTERPRISE,xobdn8ekae,,
100000586,LURMF5327185299,CRAIG ENTERPRISE,efcnlkj45r,,
100000587,DMGGE7850796995,WALKER ENTERPRISE,f96riehipm,,
100000588,VSFHX9119887801,THOMAS ENTERPRISE,q66jecnrt5,,
100000589,QSNJX9071360965,ROBERTS ENTERPRISE,lhsfezmfme,,
100000590,ZXMEF3977386434,CRAIG ENTERPRISE,zqth9r0axd,,
100000591,MIDZN8485273243,MASON ENTERPRISE,2juh07hcvz,,
100000592,GOTBJ5679872539,HUNT ENTERPRISE,1ie4jvysum,,
100000593,KDLEH6135280115,RICHARDSON ENTERPRISE,lphv32itvg,,
100000594,RMFOK6406028268,HAWKINS ENTERPRISE,jljujt02yo,,
100000595,PFDKR9977833529,ANDERSON ENTERPRISE,t7mh9heq0k,,
100000596,OETEM6902132771,BROWN ENTERPRISE,1q0p88byei,,
100000597,NFXAR4526123980,KELLY ENTERPRISE,mbe4dew7d4,,
100000598,VFJYK7907875595,BROOKS ENTERPRISE,0pqhl22tbd,,
100000599,UJLBY8236432326,FERGUSON ENTERPRISE,7yekaf6wu11,,
100000600,EDVRA2330735221,FERGUSON ENTERPRISE,fp23z1ka2a,,
